22657,98394,54736,66610,26390,0
20876,90882,54736,58845,24657,0
20876,92920,54736,57927,24423,0
20690,92920,54315,57033,24192,0
20876,88923,54736,57927,23964,0
20783,90882,54315,57477,24077,0
20783,95042,55736,57477,23964,0
20876,90882,54315,57927,24192,0
20783,89893,55315,57927,24192,0
20783,90882,55736,57477,24192,0
20690,90882,55315,57477,24192,0
20783,90882,55736,58845,24077,0
20876,91891,56163,58383,24192,0
20783,90882,55736,57927,24192,0
20783,90882,55315,57927,24077,0
20690,90882,55736,57477,24077,0
20783,89893,54315,57477,24307,0
20690,90882,55736,58383,23964,0
20690,90882,55315,57477,24307,0
20783,90882,55736,57477,24192,0
20783,90882,55315,57927,24077,0
22142,93970,60270,61252,29801,0
22244,93970,62270,61754,29801,0
22041,91891,60150,61754,29801,0
22142,95042,63270,62263,29646,0
22041,93970,59270,61252,29801,0
22041,92920,59789,61754,29646,0
22041,95042,59788,61252,29646,0
22041,95042,59787,61252,29646,0
21941,92920,59788,61252,29801,0
22041,93970,59788,62779,29340,0
21941,91891,59313,61252,29646,0
21941,90882,59788,61754,29493,0
21742,92920,59788,61252,29646,0
21841,90882,59788,60757,29646,0
21941,91891,59313,60757,29646,0
21841,92920,59788,60757,29801,0
21742,92920,58845,61754,29646,0
21941,90882,59313,61754,29493,0
21841,91891,59313,61252,29801,0
21841,91891,59788,60757,29646,0
20056,91891,59313,66038,36739,0
20056,92920,59313,66038,36314,0
20056,90882,59313,65475,36104,0
19968,90882,59313,66038,36104,0
19968,90882,59313,65475,36104,0
19968,90882,55736,65475,35897,0
19968,90882,55736,65475,36104,0
19968,89893,55736,65475,36104,0
19968,90882,55736,64920,35897,0
19968,89893,55736,65475,35897,0
19968,91891,55736,65475,36104,0
19968,91891,55736,65475,35897,0
19880,90882,55315,65475,35897,0
19880,89893,55736,65475,35897,0
19880,93970,55315,65475,35897,0
19880,92920,55736,65475,35897,0
22553,98394,55315,68378,35897,0
22553,97253,55315,68378,36104,0
22553,97253,55736,68378,36104,0
22553,98394,55315,67779,36104,0
22553,97253,55736,67779,35897,0
22553,97253,56163,67779,36104,0
22553,97253,55736,68378,36314,0
22553,97253,55315,67779,36314,0
22553,97253,55736,68378,36739,0
22553,97253,55315,67779,36525,0
22553,97253,55736,67779,36525,0
22449,97253,55315,67190,36525,0
22553,97253,55736,67190,36525,0
10752,32104,23951,21064,64920,1
11008,27820,23074,23189,65475,1
11008,27820,23074,23081,64920,1
11008,27820,23074,23298,65475,1
10965,27820,23181,23298,65475,1
11008,27820,25114,23081,64920,1
11008,27820,25235,23189,64920,1
11008,27820,25235,23189,66038,1
11052,27820,24523,23081,65475,1
11008,27820,24639,23189,67190,1
11008,27820,24523,23081,64920,1
11052,27820,24639,23081,67190,1
11052,27820,24523,23189,65475,1
11008,27820,24639,23189,64373,1
11008,27820,28695,23407,67190,1
11008,27820,25726,23298,66038,1
11008,27820,24407,23298,65475,1
11008,27820,24292,23298,66038,1
10922,27820,24064,23189,65475,1
10922,27820,24177,23081,65475,1
10837,27820,23839,23189,65475,1
9632.1,27820,23951,20415,67190,1
9670,27820,24292,20598,66610,1
9670,27820,24994,20783,66038,1
9632.1,27878,23727,20876,67779,1
9670,27878,23727,20970,66610,1
9670,28019,23727,21159,66038,1
9632.1,28161,24523,21159,65475,1
9670,28019,24064,21159,65475,1
9670,28161,23727,21255,64920,1
9670,28019,26231,21255,64920,1
9670,28019,26751,21159,65475,1
9708.1,28305,25479,21255,64920,1
9708.1,28305,26360,21255,64920,1
9708.1,28449,26490,21351,65475,1
9708.1,28161,25726,21448,64373,1
9708.1,28595,25726,21448,65475,1
9708.1,28449,25977,21643,64373,1
9708.1,28595,27017,21742,65475,1
9746.3,28742,24064,21742,63834,1
9746.3,28742,26490,21742,64920,1
8627.2,28890,23951,19279,58383,1
8695.6,29039,23951,19195,58383,1
8695.6,29189,24064,19195,57927,1
8695.6,29189,23951,19279,57927,1
8729.9,29340,24064,19279,57927,1
8729.9,29493,23951,19363,57477,1
8729.9,29493,23951,19448,57477,1
8729.9,29646,23951,19448,57477,1
8764.4,29646,23951,19534,57477,1
8764.4,29801,23951,19534,57477,1
8729.9,29646,24064,19534,57477,1
8764.4,29801,24292,19619,57033,1
8764.4,29957,26784,19619,57033,1
8764.4,29957,26917,19706,57033,1
8764.4,29801,26917,19706,57033,1
8764.4,29957,26917,19793,57033,1
8764.4,30114,27051,19793,57033,1
8799,30114,27051,19793,57033,1
8130,27820,27051,19279,63303,1
8097.8,27820,27186,19448,62779,1
8097.8,27820,27051,19619,62263,1
8097.8,27820,27051,19706,61754,1
8097.8,27820,27051,19880,61252,1
8097.8,27820,27186,20056,61252,1
8097.8,27820,27186,20145,61252,1
8097.8,27820,27051,20415,60757,1
8097.8,27820,27051,20690,60757,1
8097.8,27820,27051,20783,60270,1
8097.8,27820,27051,20783,60757,1
9519.3,66610,45038,38519,43910,2
9519.3,64373,45376,38289,43910,2
9482,65475,44703,38752,44780,2
9482,64920,44703,38519,44197,2
9519.3,65475,44703,38519,44197,2
9519.3,65475,44703,38289,44487,2
9556.8,65475,44703,38519,43910,2
9556.8,64373,44703,38519,43910,2
9556.8,64920,44703,38519,44487,2
9519.3,64920,44703,38752,43627,2
9556.8,66610,44703,38986,43910,2
9556.8,64920,56268,38752,45076,2
9556.8,66038,44373,38986,44780,2
9556.8,65475,44703,38752,43910,2
9594.4,66038,44373,38752,44780,2
10501,66038,44373,38752,47565,2
10378,66038,44373,38752,45984,2
10257,65475,44373,38752,44487,2
10257,65475,44373,38062,44487,2
10257,64920,44373,38062,44197,2
10216,64920,44373,37613,43910,2
10216,64920,42521,37836,44487,2
10257,65475,42521,37836,44197,2
10216,65475,42521,37613,45678,2
10216,66038,42793,37836,45076,2
10216,65475,42521,38062,45076,2
10216,66038,42521,37836,44780,2
10176,66038,42521,37836,44780,2
10216,66610,42521,37391,44780,2
10176,67190,42521,37613,44487,2
10176,66610,42521,37391,44197,2
10176,66610,42252,37613,44197,2
10216,66610,42521,37391,43910,2
10216,66610,42521,37613,43910,2
10176,67779,42521,37391,44487,2
10216,73517,42252,38986,45678,2
10216,71513,42521,38986,45678,2
10257,72838,42521,38986,45678,2
10257,72838,42252,38986,45678,2
10257,73517,42521,38986,45678,2
10257,72838,42252,38986,45678,2
10257,72170,42252,38986,45678,2
10257,72838,42521,38986,45678,2
10257,71513,42252,38986,45678,2
10257,71513,42252,38986,45678,2
10257,71513,42252,38986,45678,2
10297,71513,43627,38986,45678,2
10297,72170,43627,38986,45678,2
10257,71513,43627,38986,45678,2
10257,71513,43627,38752,45678,2
10297,71513,43627,38986,45678,2
10297,71513,43627,38986,45678,2
10297,71513,43627,38986,45678,2
10297,71513,43627,38752,45984,2
10297,70866,43627,38986,45984,2
11633,72838,43627,46606,34109,2
11633,72170,43346,46606,33918,2
11633,72838,43627,46606,34109,2
11633,72170,43627,46606,34109,2
11633,72838,43627,46606,33918,2
11587,72170,43627,46606,34109,2
11587,72838,43627,46293,34109,2
11633,72170,43346,46293,34109,2
11587,72170,43627,46293,34109,2
11587,72170,43346,46293,34109,2
11587,72170,43346,46293,33918,2
11587,72170,43346,46293,34109,2
11587,72170,43346,46293,34109,2
11587,72170,43627,46293,34109,2
11541,72170,43627,46293,34109,2
14145,79378,45076,24657,43627,3
13477,70229,44780,24657,44197,3
13477,72170,45076,24657,43346,3
13423,70866,44780,24657,43910,3
13423,70229,44780,24657,43627,3
13369,70866,44780,24539,43910,3
13477,70866,44780,24307,43910,3
13423,70866,44780,24423,43910,3
13423,69602,44780,24192,43346,3
13369,70229,45076,24192,43346,3
13423,70229,44780,24307,43346,3
13423,70229,44780,24192,43346,3
13423,68985,44780,24539,43627,3
13477,70229,44780,24307,43068,3
13423,70229,44780,24307,43627,3
13423,69602,44780,24192,43627,3
13423,70229,44780,24307,43346,3
13423,70866,44780,24423,43068,3
13369,72170,44780,24539,43627,3
13423,69602,44780,24307,43910,3
13423,70229,44780,24192,43910,3
14031,68378,44487,22762,44197,3
14031,67190,44780,22762,43627,3
14088,67779,44780,22657,44487,3
13918,68378,44780,22657,43627,3
13918,67190,47565,22657,43068,3
13918,67190,46606,22657,43068,3
13918,66610,46293,22657,43346,3
13918,67190,46606,22553,43346,3
13918,67190,46606,22553,43346,3
13918,66610,46293,22657,43346,3
13918,68378,46293,22553,43910,3
13918,68378,46922,22657,43627,3
13862,67190,54488,22553,43346,3
13918,67190,46293,22657,44197,3
13974,67779,46606,22657,43627,3
13918,67779,46606,22553,43627,3
14031,66610,46606,22868,43910,3
13918,67779,46606,22762,43910,3
13918,66610,46606,22762,43627,3
13918,66610,51012,22762,43627,3
13974,70229,50290,22657,40193,3
13974,70866,46922,22657,40193,3
13918,70866,47242,22553,40193,3
13974,70229,46606,22449,40193,3
13918,70229,46606,22449,40193,3
13918,70866,52896,22449,40193,3
13918,70229,46606,22449,40193,3
13918,70229,46606,22449,40193,3
13862,70229,46606,22449,40193,3
13862,70229,42521,22449,40193,3
13862,70229,42521,22449,40193,3
13862,70229,42521,22449,40441,3
13862,70229,42521,22449,40193,3
13862,70229,42793,22449,40193,3
13862,70229,42793,22553,40193,3
13862,70229,42521,22449,40193,3
13806,70229,42521,22449,40193,3
13806,69602,42521,22449,40441,3
13806,69602,42793,22553,40193,3
13806,69602,42793,22553,40193,3
15601,71513,42793,20506,46606,3
15601,71513,42793,20598,46606,3
15537,71513,42793,20690,46922,3
15601,70866,42793,20783,46922,3
15601,71513,42793,20970,46606,3
15601,71513,42793,20970,46606,3
15601,71513,42793,21064,46606,3
15601,71513,42793,21255,46606,3
15601,71513,42793,21255,46606,3
19534,83478,52510,57033,64373,4
18225,82628,52510,61754,67190,4
18147,83478,52510,60270,66610,4
18069,83478,52510,61252,67779,4
17992,83478,52510,61252,67190,4
18069,82628,52896,60270,66610,4
18069,83478,52510,60757,66610,4
17915,83478,52510,61252,66610,4
17992,83478,52510,60757,66610,4
18069,83478,52510,60270,66610,4
17992,83478,52510,60270,66038,4
18069,83478,52896,60757,66038,4
17992,82628,52510,60757,66038,4
18069,83478,52510,60270,66038,4
17915,85225,57927,60270,67190,4
17915,85225,53682,60270,65475,4
17915,82628,54899,60270,66038,4
17915,84343,54082,62263,65475,4
17839,82628,54899,59788,66610,4
17915,80974,54082,61252,66610,4
17839,83478,53682,60270,66038,4
15158,80169,55736,53682,79059,4
15220,80169,57033,52896,57033,4
15158,79378,52896,53286,56595,4
15096,80169,52896,53286,58383,4
15158,80974,52129,53286,57033,4
15158,80169,51752,53682,57033,4
15158,81794,51752,53286,58383,4
15220,80169,51752,53286,57477,4
15096,80169,51752,53286,56595,4
15096,79378,52129,53682,56163,4
15158,80169,51380,53286,56163,4
15096,80169,51752,54082,55736,4
15096,80169,51752,52896,56163,4
15158,80974,51752,52896,55736,4
15096,81794,51380,52896,55736,4
15220,80974,51380,53286,55736,4
15096,79378,51380,52896,55736,4
15096,80169,51380,52896,56163,4
15158,80169,51380,53286,56163,4
15096,80974,51380,53286,55736,4
19112,87972,51752,50290,64920,4
19029,87039,51380,49936,64920,4
18946,87039,51380,50290,64920,4
19029,88923,51752,49585,64920,4
18864,87972,51752,49936,65475,4
18864,87972,51752,49585,63834,4
18864,85225,51752,49585,63834,4
18702,87039,51752,49585,64920,4
18541,87039,51380,49239,63834,4
18541,87972,54899,48896,63303,4
18541,87039,54899,48896,64920,4
18541,87972,54899,48896,64373,4
18461,88923,54899,48558,64373,4
18461,88923,54899,48558,63834,4
18541,88923,55315,48558,63834,4
18461,87039,54899,48896,63834,4
16193,85225,54899,53682,63834,4
16193,87972,54899,53682,63834,4
16193,86123,54488,53286,63834,4
16193,87039,54488,53682,63834,4
16193,87039,54899,53286,63834,4
16193,85225,54899,53286,63834,4
16193,86123,54899,53286,63834,4
16126,86123,54899,53286,63834,4
16126,85225,54899,53286,63834,4
16193,86123,54899,53286,63834,4
16126,85225,54899,53286,63834,4
16126,85225,55315,53286,63303,4
16126,85225,54488,53286,63303,4
16813,83478,54082,21255,38062,5
16884,84343,54082,21351,38519,5
16813,83478,54082,21351,38062,5
16813,83478,54082,21255,38752,5
16813,82628,54082,21351,38752,5
16813,83478,54082,21351,39946,5
18303,86123,53682,17915,34886,5
17613,87039,54082,17915,35084,5
17538,86123,54082,17992,34886,5
17688,87039,54082,17992,34689,5
17839,87972,54488,17992,35084,5
17915,85225,54082,17992,35285,5
17839,86123,54082,17915,35897,5
17915,86123,53682,17915,35897,5
17915,85225,53682,17915,35691,5
17915,87972,54082,17915,36104,5
17839,87039,54082,17915,35691,5
17915,87972,54082,17915,35897,5
17915,87972,54082,17992,35691,5
17915,88923,53682,18069,35487,5
17915,87039,54082,18147,35487,5
17839,86123,56163,18069,35285,5
17915,86123,56595,18069,35285,5
17839,88923,56163,18147,35487,5
17839,86123,56163,18225,35897,5
17839,87039,56163,18225,35285,5
16955,87972,56163,18702,37391,5
16955,87972,56163,18702,37613,5
16955,88923,55736,18702,37613,5
16955,89893,55736,18702,37613,5
16955,87972,55736,18702,37613,5
16884,88923,56163,18702,37613,5
16955,88923,56163,18783,37613,5
16955,88923,55736,18783,37613,5
16955,88923,55736,18783,37836,5
16955,88923,55736,18864,37613,5
16955,89893,55315,18783,37613,5
16955,88923,56163,18783,37613,5
21941,81794,55315,22142,28019,5
21941,81794,55315,22142,27878,5
21941,81794,55315,22553,27737,5
21841,80169,55736,22449,27878,5
21841,82628,55736,22449,27737,5
21841,80974,55736,22449,27737,5
21841,80974,55315,22346,27737,5
21841,80974,55315,22346,27737,5
21841,80974,56163,22346,27878,5
21841,80169,56163,22346,27878,5
21841,79378,56163,22346,27878,5
21841,79378,56163,22346,27878,5
21841,80169,56163,22346,28019,5
21742,80974,57033,22346,28019,5
21841,80974,55736,22346,28019,5
21742,80974,66038,22244,28161,5
21742,80169,55736,22346,28305,5
21742,80974,56163,22244,28449,5
21742,81794,57927,22346,28449,5
21742,81794,55736,22244,28305,5
11725,77837,55736,19448,34689,5
11725,77837,55736,19534,34494,5
11679,77837,56163,19534,34494,5
11679,77837,56595,19534,34689,5
11679,78601,55736,19619,34689,5
11679,78601,55315,19706,34886,5
11679,78601,55315,19793,34886,5
11679,78601,55315,19793,34886,5
14202,76348,56163,15665,38519,5
14260,76348,55736,15665,38519,5
14202,75623,55315,15665,38519,5
14260,76348,54899,15665,38986,5
10584,82628,43346,57477,49936,6
9708.1,86123,44487,62263,60757,6
9670,86123,44487,58845,61754,6
9632.1,85225,44487,58845,59788,6
9594.4,87039,43346,60757,60270,6
9594.4,86123,43068,59313,60270,6
9594.4,88923,43627,66038,61252,6
9632.1,85225,43346,58845,60270,6
9632.1,85225,43627,56595,61252,6
9594.4,86123,44487,54082,59788,6
9594.4,85225,44197,58383,59788,6
9594.4,87039,44487,53286,59313,6
9594.4,86123,44487,60270,61252,6
9594.4,84343,44197,52510,59788,6
9594.4,84343,43627,60757,59313,6
9556.8,85225,44197,52129,60270,6
9556.8,86123,43910,59788,60270,6
9556.8,85225,43346,58383,59788,6
9556.8,85225,44487,63834,59313,6
9556.8,84343,44197,57927,59788,6
9556.8,84343,45375,56163,59788,6
8358.7,78601,44197,60757,52510,6
8358.7,79378,43627,55315,52896,6
8391.8,77837,44197,61754,52129,6
8391.8,79378,43068,62263,52510,6
8391.8,80169,42793,64373,52129,6
8391.8,78601,45678,61252,52510,6
8391.8,79378,45984,59788,52129,6
8391.8,80974,45076,59313,51752,6
8391.8,79378,42521,61252,52129,6
8425.1,78601,45375,59313,52129,6
8391.8,78601,43627,62263,51380,6
8425.1,80169,44780,63834,51752,6
8425.1,78601,44487,55315,52129,6
8425.1,77837,42793,59788,52129,6
8391.8,79378,44780,62779,52129,6
8458.5,78601,43346,56163,51752,6
8425.1,79378,43346,59788,51752,6
8425.1,77837,45375,62779,51752,6
8458.5,78601,45984,54899,52129,6
10584,85225,50290,59313,58845,6
10543,84343,43068,53682,58383,6
10584,85225,43910,54082,58845,6
10584,84343,47893,54082,59313,6
10543,84343,46293,55315,58845,6
10543,87972,45076,52896,58845,6
10501,86123,45375,52510,58383,6
10460,85225,44197,55315,57477,6
10460,84343,42252,57033,58383,6
10460,83478,45076,53682,58383,6
10419,82628,50649,52129,57927,6
10419,83478,46606,56595,57927,6
10419,82628,47565,56163,58383,6
10378,83478,55315,52510,57477,6
10419,84343,43910,54082,57477,6
10419,85225,46922,56163,57927,6
8425.1,83478,46922,64373,56163,6
8425.1,83478,47242,64373,56163,6
8391.8,83478,46922,63834,55736,6
8425.1,83478,45984,63834,55736,6
8425.1,83478,47242,63834,56163,6
8425.1,84343,46922,63303,55736,6
8425.1,83478,46606,63834,54899,6
8391.8,82628,46293,63834,54899,6
8425.1,83478,46606,63834,54488,6
8425.1,82628,42793,63834,54488,6
8391.8,82628,46293,63834,54082,6
8425.1,82628,45678,63303,54488,6
8391.8,82628,43627,63834,54082,6
8425.1,82628,47242,63303,54488,6
19112,72838,23739,26390,30114,7
19029,74207,23739,26784,29039,7
19029,73517,23739,26651,29039,7
19112,73517,23739,26520,29039,7
18946,73517,23739,26520,29957,7
19195,73517,23739,26520,29646,7
19029,74207,23739,26917,29039,7
19112,72838,23739,26784,29189,7
19029,74909,23851,26651,29039,7
19029,72838,23851,26651,28742,7
19029,73517,23739,26651,29493,7
19195,72838,23739,26784,29340,7
19029,72838,23851,26784,29189,7
19029,72838,23851,26917,29340,7
18946,73517,23739,26917,29039,7
19029,72838,23964,26917,29493,7
19029,72838,26004,27051,29801,7
19029,72838,24077,26917,29493,7
19029,73517,23964,26917,29493,7
18946,74909,24077,27186,29646,7
15730,69602,24192,26784,33174,7
15795,68985,24192,27051,33730,7
15730,68985,24192,27186,33543,7
15795,68985,24192,27186,33358,7
15730,68985,24192,27051,33358,7
15795,68985,23964,27186,33543,7
15730,68985,23964,27186,33730,7
15730,69602,23964,27186,33543,7
15730,69602,23964,27598,33730,7
15795,70866,23964,27460,33543,7
15730,69602,23964,27598,33358,7
15795,68985,23964,27460,33730,7
15730,68378,23964,27878,33918,7
15795,68985,23964,27598,33358,7
15730,68378,23964,27598,33918,7
15795,68985,23964,27598,33543,7
15730,68985,24077,27878,33730,7
15730,69602,24077,27598,33918,7
15730,70229,23964,27737,33543,7
15730,68985,24077,27737,33730,7
21064,78601,24077,23964,29801,7
21064,76348,24077,23739,29957,7
20876,77086,24077,23627,30114,7
20970,77086,24077,23627,30114,7
20876,76348,24077,23739,30114,7
20783,76348,24077,23627,30920,7
20783,76348,24077,23851,31419,7
20783,77086,24077,23851,31251,7
20783,76348,24077,23964,32455,7
20690,75623,24077,23851,31930,7
20690,75623,24423,23627,32104,7
20506,77837,26390,23627,32632,7
20506,76348,24657,23627,32278,7
20598,75623,24539,23627,32278,7
20415,76348,24657,23964,31930,7
20325,78601,24657,24307,32278,7
20325,75623,24657,24192,31759,7
20415,75623,24894,24307,31930,7
20415,76348,26520,24307,32104,7
20415,75623,24775,24423,31759,7
18225,81794,24775,18946,24894,7
18303,81794,25014,18946,24894,7
18303,83478,24894,18946,24894,7
18303,82628,25014,18946,24894,7
18382,81794,25135,18946,24894,7
18382,80974,25135,19029,24775,7
18382,80974,25135,18946,24894,7
18382,80974,25135,19029,24894,7
18382,81794,25256,19112,24894,7
18303,81794,25751,19112,25014,7
18225,90882,56595,21064,19363,8
18147,90882,56595,21064,19619,8
18225,90882,56595,21159,19706,8
18147,87039,56163,21064,19448,8
18147,88923,56163,21064,19534,8
18147,87972,57033,21064,19534,8
18225,87972,57033,21159,19619,8
18147,87039,61252,21159,19279,8
18225,88923,56595,21159,19534,8
18225,87972,56163,21159,19706,8
18225,87039,56163,21255,19619,8
18225,88923,56163,21159,19706,8
18069,87972,59788,21159,19448,8
18147,87972,56163,21255,19448,8
18147,87039,56595,21159,19534,8
18147,86123,56163,21159,19619,8
18225,87039,56163,21159,19448,8
18225,88923,56163,21159,19534,8
18225,87972,62263,21159,19195,8
18225,88923,56163,21351,19195,8
16743,86123,55736,19880,20970,8
16955,87039,56163,19880,20970,8
16884,86123,55315,19880,20970,8
16884,87039,68985,20056,21064,8
16955,87039,56163,19968,20876,8
16884,87039,54488,19968,21159,8
16884,87039,54488,20056,21159,8
16884,87972,54082,20056,20876,8
16884,87039,54488,20145,20970,8
16955,84343,54488,20145,20970,8
16955,87039,54488,20145,21064,8
16955,87972,54082,20235,21064,8
16955,85225,54488,20325,21064,8
16884,87039,54488,20325,21255,8
16955,86123,54082,20325,21064,8
16884,87039,54082,20415,21159,8
16884,86123,54082,20506,21159,8
16955,86123,61252,20598,21255,8
16884,87039,54488,20598,21255,8
17027,86123,54082,20783,21159,8
17099,85225,54082,18147,23517,8
17099,83478,54899,18225,23517,8
17099,84343,54082,18069,23517,8
17027,86123,54899,18147,23627,8
17099,84343,53682,18147,23407,8
17027,84343,54082,18147,23517,8
17027,86123,54082,18303,23739,8
17099,83478,53286,18147,23517,8
17099,84343,53682,18069,23517,8
17027,83478,53682,18147,23407,8
17099,84343,57033,18147,23517,8
16955,82628,56595,18147,23517,8
17099,84343,56595,18225,23407,8
17027,83478,56595,18225,23517,8
17027,83478,57033,18303,23517,8
17171,85225,56595,18225,23739,8
17171,84343,56595,18147,23627,8
17099,84343,56595,18147,23739,8
17171,83478,56163,18147,23851,8
17171,84343,56163,18147,23851,8
16534,92920,56163,18541,26390,8
16465,93970,56163,18541,26390,8
16534,91891,56163,18541,26390,8
16534,92920,56163,18541,26390,8
16465,92920,56163,18621,26390,8
16465,92920,56163,18621,26520,8
16465,92920,56163,18621,26651,8
16465,91891,56163,18621,26651,8
16465,90882,56163,18621,26651,8
16465,90882,56163,18621,26651,8
18382,34109,33358,28890,51380,9
19363,29189,33543,29189,54488,9
18541,28890,33730,29039,54082,9
19279,29039,33730,28890,54488,9
18946,29340,33730,29039,54899,9
18303,29189,33918,28742,54488,9
18541,29189,36954,28742,54488,9
18864,29189,33918,28742,54488,9
18946,29340,33918,28019,54899,9
18541,29646,33918,28019,54082,9
18864,29493,33918,28019,54488,9
18541,29646,33918,28161,54488,9
19112,29493,34109,28305,53682,9
18946,29957,34109,28019,54082,9
18783,29801,34109,27878,54082,9
19195,29646,34300,27737,54488,9
18382,29801,34109,27878,54899,9
18864,29957,34109,27737,54488,9
18069,30273,36104,28019,54899,9
18864,29646,34300,27737,54082,9
18382,29957,34300,28019,53682,9
13641,30114,34300,26651,50290,9
13531,30273,34109,26917,51012,9
13641,30114,34300,27323,50290,9
13531,30433,34300,27323,49585,9
13586,29957,31085,27460,50290,9
13531,30273,30920,27323,50290,9
13531,30273,31085,27598,49936,9
13531,30433,31085,27051,49239,9
13531,31085,31085,27323,50290,9
13531,31759,31085,27186,49585,9
13531,32104,31085,27186,49936,9
13531,31930,31085,27051,50290,9
13531,31759,31251,27186,50290,9
13477,31759,31251,27186,51012,9
13531,31759,31251,27323,50290,9
13531,31759,31251,27186,49585,9
13531,31930,31419,27323,50290,9
13586,32104,31419,27051,49936,9
13531,32104,31419,27460,49585,9
13531,32104,31419,27186,49936,9
19619,47565,31419,32992,56163,9
19706,46606,31251,32278,56163,9
19793,45984,31251,31930,56163,9
19279,45375,31419,32104,56595,9
19279,45076,31419,32104,55736,9
19363,45076,31419,31930,55315,9
19279,45076,31419,32455,55736,9
19279,45076,31419,32632,55736,9
19112,44780,31419,32104,55736,9
18946,44780,34689,31930,55315,9
19112,44780,34689,31930,54899,9
19195,45375,34689,31930,55736,9
19029,44487,34689,31588,55315,9
19112,45375,34689,31588,54488,9
19195,44780,38752,31588,56595,9
18864,44780,34689,31419,55736,9
18864,45076,37836,31759,55736,9
18946,44780,34494,31251,54899,9
19112,44197,34494,31251,55315,9
19279,42252,34689,31085,54488,9
20325,35691,34494,33174,52896,9
20235,36954,34689,33174,52129,9
20235,36954,34886,32811,52510,9
20235,37172,34886,32992,52510,9
20325,36314,35084,32632,52510,9
20325,34689,34494,32278,52129,9
20325,34494,34689,32104,52129,9
20325,34689,34689,32104,52510,9
20325,34300,34494,32104,52129,9
19619,73517,34689,26004,51380,10
20598,76348,34886,24192,52129,10
20325,77086,34886,24077,52129,10
20325,78601,34689,24077,51752,10
20325,70229,34886,24307,51752,10
20325,74207,34886,24539,52896,10
20235,73517,35084,25135,52129,10
20145,74207,37172,25877,51752,10
20235,67190,35084,26131,51752,10
20056,76348,34886,25877,51380,10
20145,72838,34886,25751,51752,10
20056,72838,34886,25751,51752,10
20056,77837,34886,25626,51012,10
20056,75623,34886,25751,51380,10
19968,72170,34689,25626,51380,10
20056,66610,34689,25379,51380,10
20056,73517,34886,25502,51752,10
20056,67779,34886,25751,51380,10
19968,75623,34886,25379,51752,10
20056,73517,34886,25379,51380,10
19968,68378,34886,25379,51752,10
15035,88923,34886,25014,45076,10
14851,87039,34689,25014,45076,10
14912,87972,34886,25379,45076,10
14851,88923,34886,25256,44780,10
14851,88923,30920,25256,45076,10
14912,89893,30920,25256,44780,10
14912,87972,30920,25379,44780,10
14851,87039,30920,25256,44780,10
14973,90882,31085,25502,45076,10
14851,86123,31085,25502,45375,10
15035,87039,30756,25626,44780,10
14851,88923,30756,25626,44780,10
14973,86123,30756,25502,45076,10
14791,88923,30756,25751,44487,10
14851,92920,30756,25502,45678,10
14851,87039,30756,25626,44780,10
14791,86123,30756,25751,44487,10
14791,88923,30756,25877,44780,10
14851,84343,30756,25751,44487,10
14851,82628,30756,25626,45076,10
20970,81794,31085,33174,51012,10
21064,87039,30920,33174,50649,10
20876,83478,30920,33730,51012,10
20970,77086,30920,35285,50649,10
20690,81794,30920,34689,51012,10
20783,80974,30756,34886,50290,10
20598,87972,30756,34494,50649,10
20598,77086,30756,34886,50290,10
20690,83478,30756,35084,50649,10
20690,71513,32104,35285,51380,10
20690,69602,32104,35487,50290,10
20598,76348,32104,35285,50290,10
20506,77086,32104,34886,50290,10
20690,75623,32104,34689,50290,10
20690,78601,32104,34689,49585,10
20506,77837,31930,34494,49936,10
20598,85225,32104,34689,49936,10
20506,73517,32104,34689,49936,10
20598,80974,31930,34494,49585,10
20690,77086,32104,34689,49936,10
17839,70866,32104,39703,59313,10
17763,70866,32104,39703,59788,10
17763,70866,32104,39946,59788,10
17763,71513,32104,39703,59788,10
17763,71513,31930,39703,59313,10
17688,71513,31930,39703,59313,10
17763,71513,32104,39703,59788,10
17688,71513,32104,39703,59313,10
17688,71513,32104,39703,59313,10
13263,68985,51380,44197,43346,11
14671,70866,51380,47893,48558,11
14731,70229,51380,48223,48896,11
14611,69602,51380,47893,47893,11
14611,68378,51380,47565,48223,11
14611,69602,51380,47565,48558,11
14552,68985,51752,47242,48896,11
14671,69602,51752,47242,48223,11
14611,69602,51752,47242,48223,11
14671,69602,51380,47242,47893,11
14552,68985,51752,47242,47893,11
14611,68985,51380,47242,48223,11
14671,71513,51380,46606,47893,11
14731,70229,51380,47565,48223,11
14791,68985,51380,47242,48558,11
14791,69602,51380,46922,47242,11
14912,68985,51380,47242,46922,11
14912,68985,52129,46606,48223,11
14791,69602,51380,46922,47565,11
14912,68985,51380,46606,47565,11
14973,71513,51012,46922,48223,11
12492,76348,52510,54899,47242,11
12542,77837,56163,54899,46606,11
12542,79378,51012,54488,46606,11
12542,77837,51380,54488,46922,11
12542,77086,52129,54488,46922,11
12542,77837,52129,54899,46606,11
12542,79378,52129,54488,46922,11
12443,77086,52129,54899,46922,11
12492,77837,51752,54488,46606,11
12492,77837,51752,54488,46606,11
12492,77837,51752,54082,46606,11
12492,77086,52129,54488,46922,11
12542,77086,51752,54488,46293,11
12492,77086,51752,54899,46606,11
12492,77086,51752,54488,46606,11
12443,77837,51752,54082,46606,11
12443,77837,51752,53682,46922,11
12492,78601,51752,54488,46293,11
12247,77086,51752,54082,45984,11
11541,74207,51752,53286,44487,11
14434,72170,51752,52896,48558,11
14434,71513,51380,52129,47893,11
14376,71513,51752,52896,47893,11
14318,70866,51752,51380,47893,11
14318,71513,51380,51752,47893,11
14260,71513,51380,52129,47565,11
14202,71513,51380,51752,47565,11
14202,71513,51380,52129,47565,11
14260,72170,51380,51380,47242,11
14202,71513,47565,51752,47565,11
14260,72838,47565,51380,47242,11
14260,71513,47893,51012,46922,11
14202,70866,47565,51380,46922,11
14202,71513,47893,51012,47242,11
14202,71513,47242,51012,46922,11
14202,72170,47565,51012,46922,11
14202,70866,47565,51012,46922,11
14260,70866,47565,51752,47242,11
14202,71513,47893,50649,47242,11
14318,70866,47565,50290,47565,11
14434,88923,47242,63303,47565,11
14434,88923,47565,63303,47565,11
14434,87972,47242,62779,47242,11
14434,87972,47893,62779,47242,11
14434,87972,47565,62779,47242,11
14434,87039,47242,62779,47242,11
14493,87972,47242,62263,47242,11
14493,87972,47242,62263,47565,11
14434,87972,47565,62263,47242,11
19619,62263,60270,52510,51752,12
19619,62263,61754,52510,51752,12
19619,62263,55315,52510,51380,12
19619,62263,56595,52510,51380,12
19619,62263,48223,52510,51380,12
19619,61754,47893,52129,51380,12
14912,70229,47565,46606,48223,12
14912,70866,47893,46606,49239,12
14973,70866,47565,46606,48896,12
14912,69602,47893,46293,48223,12
14851,68985,50290,46293,48223,12
14912,70229,50290,45984,47893,12
14851,68985,50290,46293,49239,12
14851,69602,52129,45984,48896,12
14791,69602,50649,46922,48223,12
14611,69602,50649,45984,47565,12
14434,69602,50649,45984,46922,12
14611,70866,51012,46293,45076,12
14912,70866,52510,46293,45984,12
14912,72838,52510,45984,45678,12
14493,72838,50649,45678,45375,12
12642,66038,51012,25877,46606,12
21941,97253,50290,26004,47242,12
21841,92920,49936,25877,46922,12
21742,80169,50290,25877,46606,12
21545,87972,50649,25751,47242,12
21742,87972,54488,25751,47242,12
21643,90882,50290,25877,47242,12
21643,75623,49936,26131,47242,12
21742,91891,49585,25877,48223,12
21545,73517,49936,26004,46922,12
21742,87972,49936,26004,47565,12
21643,87972,49585,25877,47242,12
21742,97253,49585,25877,47242,12
21742,74207,49585,26260,47242,12
21545,87972,50649,26004,46922,12
21448,95042,57033,26004,46293,12
21643,80974,56595,26131,46922,12
21643,91891,57927,26004,46293,12
14671,84343,57927,47242,50290,12
14611,82628,46606,47242,48896,12
14671,84343,46293,47242,48558,12
14671,85225,46293,47565,48896,12
14611,85225,46293,47893,48896,12
14671,85225,46293,47242,48896,12
14671,85225,46293,47242,48558,12
14671,85225,46293,47242,48896,12
14611,83478,46293,47242,49936,12
14611,84343,46293,47565,48896,12
19112,89893,49585,29646,49239,12
19279,85225,45984,29493,48223,12
19195,86123,45984,29493,48896,12
19112,88923,46293,29340,48896,12
19279,87972,46293,29493,48558,12
18946,83478,45984,29493,48558,12
18946,77837,45984,29340,48558,12
18946,83478,45984,29340,48558,12
19029,77086,45984,29340,48558,12
19029,88923,45984,29493,49239,12
19029,83478,45984,29340,48223,12
18946,74207,45678,29340,49239,12
18946,88923,45375,29340,48223,12
18946,88923,48223,29189,49239,12
18702,89893,46606,29340,48558,12
18864,85225,45076,29340,48558,12
18864,80169,45375,29189,48558,12
18864,87972,45076,29189,48558,12
18864,78601,45076,29340,48558,12
18783,87972,45076,29039,47893,12
15158,89893,45375,46606,49585,12
11587,67779,36954,43346,44487,13
11541,67190,37172,43068,44780,13
11541,67779,36954,42793,45678,13
11587,67779,37172,43068,45076,13
11541,68378,37172,43068,44780,13
11587,67779,37172,43068,44780,13
11587,67190,37172,42793,44487,13
11541,67779,37172,43068,44780,13
11541,68378,37172,43068,44780,13
11633,68378,37172,43346,45375,13
11633,66610,37172,43068,45076,13
11587,67779,37391,43068,44780,13
11587,67190,37172,43068,45375,13
11587,67779,37391,43068,45375,13
11587,67190,37391,43068,44780,13
11587,67190,37391,43346,44780,13
11587,67779,37391,43346,44780,13
11633,42521,37391,36314,36954,13
11633,43346,37391,35691,36739,13
11633,43346,37391,35897,36954,13
11587,44197,37613,35897,36954,13
11587,43627,37613,36104,36314,13
11587,43910,37613,35691,36314,13
11541,43910,37613,35691,36104,13
11633,43910,37613,35691,36314,13
11541,43910,34109,35691,36104,13
11679,45076,34109,35897,36314,13
11725,44197,34109,35897,36739,13
11633,44487,34300,36104,36314,13
11587,45076,34300,36104,36104,13
11633,45076,34494,35487,36314,13
11679,45076,34300,35897,36314,13
11587,45375,34300,35897,36104,13
11633,45678,34300,35897,36104,13
11679,45678,34494,35691,36954,13
11679,45678,34494,35897,36525,13
11633,45678,34494,35897,36104,13
11008,63303,34494,37836,39223,13
11541,66610,34689,37836,45984,13
11139,66038,34494,38289,41985,13
11316,63303,34494,38519,43346,13
11052,63834,34494,37613,42252,13
11361,66610,34494,38986,44487,13
11139,63834,34494,38062,41985,13
11095,64373,34494,38062,41721,13
11227,64373,34494,38062,41985,13
11227,66610,34494,38289,42252,13
11183,66038,34689,38519,42252,13
11139,65475,34689,38289,42252,13
11095,64920,34689,38062,41985,13
11095,64920,35285,38062,41721,13
11095,64373,35285,38062,41721,13
11095,64920,35285,37836,41721,13
11052,64373,35285,38062,41721,13
11052,64920,35487,38062,41460,13
11008,64920,35487,38062,41460,13
10965,63834,35285,38062,41201,13
11772,58845,35487,37172,45076,13
11818,58845,35487,37172,45076,13
11818,58845,35487,37391,44780,13
11818,58845,35487,37172,44780,13
11818,58845,35487,37172,44780,13
11818,58845,35487,37391,44487,13
11818,59313,35691,37391,44487,13
11818,58845,35487,37172,44487,13
11865,58845,35691,37391,44487,13
11818,58845,35691,37391,44487,13
11865,58845,35897,37391,44197,13
11865,59313,35691,37391,44197,13
11865,59788,35897,37391,43627,13
17538,77086,25256,28742,45375,14
17992,77837,25135,28305,46922,14
18382,77086,25135,28305,47893,14
18541,77086,25135,28742,47565,14
18382,75623,25135,28019,46922,14
18461,74207,25135,28161,46606,14
18461,76348,25135,28449,46293,14
18541,77837,25135,28742,46293,14
18461,78601,25135,28595,47242,14
18621,80974,25135,29189,45678,14
18621,77086,25135,28595,45678,14
18621,75623,25135,29039,45984,14
18621,74909,25135,29039,45375,14
18621,78601,25135,28890,45375,14
18621,75623,25135,29646,45076,14
18621,79378,25135,29039,45375,14
18461,77837,25256,29340,44780,14
18461,75623,25256,28890,45076,14
18382,77837,25256,28890,45076,14
18303,78601,25256,29340,45076,14
23407,83478,25256,24894,58383,14
23298,83478,25379,24775,57927,14
23298,83478,25256,24775,57927,14
23298,83478,25379,24775,57927,14
23189,82628,25502,24894,57477,14
23189,82628,24775,24775,57477,14
23081,82628,24775,24657,57477,14
23081,81794,24775,24657,57033,14
23081,82628,24775,24775,56595,14
22974,81794,24775,25014,56595,14
22868,81794,24775,25135,56595,14
22868,81794,24775,25256,56163,14
22868,81794,24775,25135,56595,14
22868,81794,25751,25135,56163,14
22868,81794,24775,25135,56163,14
22868,81794,24775,25014,55736,14
22868,81794,24657,25014,55736,14
22762,81794,24775,25014,55736,14
22762,81794,24775,25014,55736,14
22762,81794,24775,24894,55736,14
18069,90882,24775,24423,57927,14
18461,96136,24775,24192,57477,14
18541,96136,24775,23851,57033,14
18382,95042,24775,23851,57033,14
18461,95042,24775,23851,57033,14
18382,95042,24775,23851,56595,14
18382,93970,24775,23964,57033,14
18303,97253,24775,24077,57477,14
18225,96136,24775,24077,57033,14
18225,97253,24894,24077,57033,14
18225,97253,24894,24077,57477,14
18147,96136,23964,24077,57033,14
18147,96136,24077,24077,57033,14
18147,96136,24077,24192,57477,14
18147,95042,24192,24192,57033,14
18147,96136,24077,24192,57033,14
18147,96136,24192,24307,57033,14
18147,92920,24192,24307,57033,14
18147,92920,24307,24423,57033,14
18147,92920,24077,24423,57477,14
17992,79378,24077,27186,56163,14
17915,78601,24077,27323,55736,14
17839,78601,24077,27186,56163,14
17839,78601,24077,27186,55736,14
17763,78601,24077,27186,55736,14
17763,78601,24077,27186,55736,14
17688,79378,24307,27186,55315,14
19448,80974,24307,21255,55736,14
19448,80974,24307,21159,55315,14
19448,80974,24307,21159,55315,14
8525.6,27820,23964,35285,27878,15
9370.9,27820,23964,28019,33358,15
9407.8,27820,24077,28161,33358,15
9407.8,27820,26004,28161,33358,15
9407.8,27820,25751,27878,33174,15
9407.8,27820,23851,28305,33543,15
9407.8,27820,23851,28305,33918,15
9444.8,27820,23851,28449,35487,15
9444.8,27820,23739,28742,35691,15
9444.8,27820,23739,28161,34886,15
9444.8,27820,23851,28161,33730,15
9407.8,27820,23739,28161,32992,15
9407.8,27820,23739,28305,32278,15
9407.8,27820,23739,28019,32278,15
9407.8,27820,23739,27737,31930,15
9407.8,27820,23739,27878,32455,15
9407.8,27820,23739,28161,31759,15
9407.8,27820,23739,28305,31419,15
9407.8,27820,23739,28019,30756,15
9407.8,27820,23851,28161,30433,15
9444.8,27820,23964,28161,30114,15
8292.8,27820,23964,44780,27186,15
8292.8,27820,24077,44487,27323,15
8325.7,28019,24775,44487,27323,15
8292.8,28019,25379,44780,27323,15
8292.8,28019,23189,44487,27323,15
8292.8,27878,21841,44487,27323,15
8292.8,28449,21841,44197,27186,15
8260,28161,21841,44197,27323,15
8292.8,28161,21841,44197,27186,15
8292.8,28161,21841,44487,27186,15
8292.8,28161,21841,45076,27051,15
8325.7,28449,21841,44780,27186,15
8325.7,28161,21841,45076,27460,15
8325.7,28305,21841,44197,27186,15
8292.8,28305,21841,44487,27186,15
8325.7,28305,21841,44780,27186,15
8292.8,28595,21841,43910,27323,15
8325.7,28305,21841,44197,27186,15
8292.8,28449,21841,44780,27323,15
8292.8,28449,21841,44197,27051,15
10419,27820,21841,48223,29801,15
10378,27820,21941,47565,29493,15
10378,27820,24192,46606,29340,15
10378,27820,22142,47242,29646,15
10378,27820,22041,47242,29493,15
10378,27820,22041,46606,29493,15
10378,27820,22041,47242,29957,15
10378,27820,22041,46606,29493,15
10378,27820,22041,46922,29493,15
10378,27878,23081,46922,29340,15
10378,27820,23081,46922,29646,15
10337,27878,23081,46922,29493,15
10378,28161,26390,46293,29493,15
10337,28161,23081,46922,29340,15
10337,28161,23081,46293,29646,15
10337,28305,23081,46606,29493,15
10337,28161,23189,46922,29493,15
10378,28305,23081,46922,29493,15
10378,28449,23081,47242,29646,15
10378,28449,22974,46922,29646,15
8661.3,30756,23298,29801,29340,15
8661.3,30273,23081,29340,29493,15
8627.2,30433,23081,29039,29493,15
8627.2,30114,23081,28890,29646,15
8627.2,30114,23189,28890,29646,15
8627.2,30114,23189,28742,29646,15
8627.2,30114,23298,28742,29646,15
8627.2,30114,23298,28742,29646,15
8627.2,30114,23298,28742,29493,15
8559.3,84343,61252,22041,45375,16
8559.3,81794,61252,22974,42521,16
8559.3,83478,61252,22868,42521,16
8559.3,82628,61252,22974,42793,16
8559.3,81794,61252,22868,42521,16
8559.3,83478,61252,22974,42793,16
8559.3,82628,60757,22868,42521,16
8593.2,82628,60757,22868,42793,16
8559.3,83478,60757,22974,42252,16
8559.3,81794,60757,22868,42793,16
8559.3,82628,60757,22974,42521,16
8559.3,82628,60757,23081,42252,16
8559.3,82628,60757,22868,42252,16
8559.3,82628,60757,22974,43068,16
8593.2,81794,60270,23081,42252,16
8559.3,83478,60270,22974,42793,16
8559.3,83478,60270,23081,42521,16
8593.2,83478,60270,22974,43346,16
8559.3,82628,59788,22974,43068,16
8593.2,81794,60270,23081,42793,16
8593.2,80974,60270,23081,42521,16
8227.3,80169,60270,25379,45678,16
8227.3,88923,60270,25256,45375,16
8260,88923,59788,25379,45678,16
8260,97253,60270,25379,45375,16
8260,88923,60270,25379,45984,16
8227.3,96136,60757,25626,45678,16
8227.3,82628,73517,25379,45678,16
8227.3,91891,62263,25256,45984,16
8260,84343,60757,25256,45678,16
8260,89893,60270,25502,45678,16
8260,91891,59788,25379,45984,16
8227.3,97253,59788,25626,45678,16
8227.3,82628,60270,25626,45984,16
8260,91891,59313,25751,45984,16
8227.3,86123,59313,25751,46606,16
8260,98394,59313,25626,46922,16
8260,78601,59788,25626,45984,16
8260,82628,60757,25751,45984,16
8260,90882,59788,25751,45984,16
8292.8,83478,59788,25751,45984,16
10460,91891,60270,22974,49936,16
10460,87039,59313,23298,48558,16
10460,87039,59788,23407,48223,16
10460,85225,59313,23407,49585,16
10501,83478,59313,23517,48558,16
10501,88923,59313,23517,48558,16
10501,82628,59313,23517,48223,16
10460,87039,60270,23517,48223,16
10543,83478,63303,23407,48896,16
10501,87039,59313,23517,47565,16
10543,86123,58383,23407,48223,16
10501,86123,58845,23517,47565,16
10543,87039,58845,23627,47565,16
10501,83478,58845,23627,47565,16
10543,87039,58845,23627,47893,16
10543,87039,57477,23627,47565,16
10501,87039,58383,23851,48223,16
10543,82628,57927,23739,46922,16
10501,85225,58383,23627,47565,16
10501,86123,58383,23517,46922,16
8799,99560,59788,24423,51752,16
8764.4,96136,57927,24539,51752,16
8729.9,96136,57477,24775,51752,16
8729.9,93970,57477,24775,52129,16
8729.9,93970,57477,24775,52510,16
8729.9,95042,57477,24894,52129,16
8729.9,95042,57477,25014,52510,16
8695.6,93970,57927,25014,52510,16
8695.6,93970,57477,25135,52510,16
18946,68985,23407,23298,48558,17
18946,74207,24192,23189,48558,17
18946,71513,23407,23407,47565,17
18864,72170,23517,23189,48896,17
18864,76348,23517,23189,48223,17
18864,72170,23739,23298,48558,17
15730,93970,23517,23627,45076,17
15665,80974,23407,23739,45076,17
15665,85225,23407,23739,44780,17
15665,88923,23407,23739,45678,17
15537,87039,23407,23627,44487,17
15601,88923,23407,23517,44197,17
15473,77837,23407,23517,43910,17
15409,88923,23407,23517,44197,17
15346,95042,23407,23517,43910,17
15346,93970,23407,23739,44487,17
15283,98394,23407,23517,43627,17
15283,81794,23407,23407,43627,17
15283,93970,23407,23517,43910,17
15346,91891,23407,23407,43346,17
15283,85225,23407,23739,43346,17
15158,92920,23517,23407,42793,17
15096,85225,23517,23517,43346,17
15158,90882,23517,23517,43068,17
15035,90882,20598,23627,43068,17
15035,86123,20876,23739,43346,17
15730,76348,20690,21545,48896,17
15730,78601,20876,21841,47893,17
15795,78601,20506,21643,47893,17
15730,71513,24775,21545,48896,17
15730,75623,21064,21448,48558,17
15665,70229,26390,21545,48223,17
15730,75623,22657,21742,48223,17
15795,74909,21841,21742,48558,17
15795,77837,22041,21545,47893,17
15730,86123,21742,21545,49239,17
15665,86123,20876,21545,49936,17
15665,77086,20506,21448,49239,17
15601,78601,20415,21643,48896,17
15665,74207,20415,21545,49239,17
15665,76348,20415,21545,48896,17
15665,72838,20598,21545,48223,17
15601,77086,23739,21643,49936,17
15730,70866,22762,21643,50290,17
15795,74207,22974,21545,50649,17
17538,96136,22346,22974,54082,17
17099,91891,21941,22974,53286,17
17027,92920,22142,22762,53286,17
17027,92920,24077,22762,53286,17
16955,92920,21545,22762,53286,17
16955,92920,21545,22762,53286,17
16884,92920,21448,22762,53286,17
16884,91891,21448,22762,53286,17
16884,91891,21448,22762,53286,17
16884,92920,21448,22762,53286,17
16813,91891,21545,22762,53286,17
16813,95042,21448,22868,52896,17
16813,90882,21643,22868,53286,17
16813,90882,21841,22762,53286,17
16743,91891,21941,22762,52896,17
16743,91891,24657,22762,52896,17
16743,93970,21448,22762,53286,17
16743,90882,21545,22762,52896,17
16743,90882,21841,22762,52896,17
16743,89893,23739,22762,52896,17
18621,85225,24307,24775,52510,17
17992,83478,21643,25256,51752,17
17915,81794,21545,24775,51380,17
17839,81794,21643,24423,51380,17
17763,80974,21545,24192,51380,17
19279,27820,23739,21545,46606,18
19793,27820,23739,21643,45984,18
19793,27820,23739,21643,46606,18
19279,27820,23739,21448,46922,18
19534,27820,23627,21643,46922,18
19793,27820,23739,21448,47565,18
19279,27820,23739,21545,46606,18
19793,27820,23739,21545,47242,18
19448,27820,23739,21545,48558,18
19793,27820,24894,21545,47893,18
19793,27820,23739,21448,47893,18
19968,27820,23739,21545,47565,18
19793,27820,23739,21545,47893,18
19880,27820,23851,21545,47893,18
19706,27820,23964,21448,47242,18
19793,27820,25256,21448,47565,18
19363,27820,23739,21545,48223,18
19619,27820,24307,21545,47893,18
19448,27820,23627,21545,47565,18
19880,27820,23627,21742,47242,18
18225,27820,23627,23081,47242,18
18225,27820,23627,23081,46922,18
18225,27820,23739,23298,47242,18
18225,27820,23627,23298,46922,18
18225,27820,23627,23189,47565,18
18225,27820,21941,23298,46922,18
18225,27820,21841,23517,46922,18
18225,27820,21841,23517,47242,18
18147,27820,21841,23517,46606,18
18147,27820,21841,23517,47242,18
18147,27820,21841,23851,47242,18
18147,27820,21841,23627,47242,18
19793,27820,21841,19706,53286,18
19793,27820,22041,19619,52896,18
21064,27820,21841,19112,55736,18
20970,27820,21941,19195,55315,18
20970,27820,21941,19279,55736,18
20970,27820,21841,19363,55736,18
20970,27820,21841,19363,55736,18
20970,27820,21841,19363,55736,18
20970,27820,21941,19363,55736,18
20970,27820,21841,19363,55736,18
20970,27820,21841,19448,55736,18
20970,27820,22041,19448,55736,18
20970,27820,21841,19534,55736,18
20970,27820,21742,19534,55736,18
20970,27820,21841,19619,55736,18
21064,27820,21841,19619,55736,18
20970,27820,21742,19619,55736,18
21064,27820,21841,19706,55736,18
21064,27820,23517,19706,55736,18
21159,27820,21255,19706,55736,18
21159,27820,21351,19619,55736,18
21159,27820,21351,19619,55736,18
19793,27820,21351,19706,53286,18
19793,27820,21255,19619,52896,18
21064,27820,21351,19112,55736,18
20970,27820,21545,19195,55315,18
20970,27820,21448,19279,55736,18
20970,27820,21545,19363,55736,18
20970,27820,21545,19363,55736,18
20970,27820,21643,19363,55736,18
20970,27820,21643,19363,55736,18
20970,27820,21643,19363,55736,18
20970,27820,21643,19448,55736,18
20970,27820,21643,19448,55736,18
20970,27820,21643,19534,55736,18
20970,27820,21643,19534,55736,18
19793,27820,21643,21545,47893,18
19880,27820,21742,21545,47893,18
18702,88923,50290,43910,48223,19
20056,99560,49936,42252,55315,19
20145,95042,49936,42793,54082,19
20325,85225,49936,42793,53286,19
20145,98394,49936,43346,54488,19
20145,89893,49936,43910,54488,19
20145,77086,49936,43627,54082,19
20145,95042,49936,43910,55736,19
20145,89893,49936,44487,53682,19
20056,97253,49936,44487,54488,19
20145,79378,49936,44780,53286,19
20145,92920,49936,45076,54899,19
20145,88923,49585,45375,54082,19
20235,95042,49585,45076,54899,19
20235,92920,49585,45076,54488,19
20145,80169,49936,45375,54488,19
20145,97253,49585,45076,54488,19
20145,98394,49239,44487,55315,19
20056,97253,49585,44780,54899,19
17390,84343,49585,36954,51012,19
17390,85225,49585,36525,49936,19
17390,83478,49239,36739,49936,19
17390,83478,49585,36525,50290,19
17390,84343,49585,36525,51012,19
17390,83478,49239,36525,50290,19
17464,84343,47893,36525,50290,19
17464,87039,47893,36739,49936,19
17317,82628,47893,36739,50290,19
17390,83478,47893,36314,49936,19
17317,82628,47893,36739,49585,19
17244,84343,47893,36954,50649,19
17317,82628,47565,37172,50290,19
17244,82628,47893,36954,49936,19
17244,84343,47893,36739,50649,19
17171,81794,47565,36739,49239,19
17171,84343,47565,36739,49585,19
17099,82628,47893,36954,49936,19
17099,82628,47893,36954,49239,19
17171,82628,47565,36954,49585,19
17839,77837,47565,43068,54082,19
17915,76348,47565,42252,53682,19
17992,76348,47565,42252,54082,19
17992,77086,47565,42252,54488,19
18069,76348,47565,41985,54082,19
17992,77086,47565,42252,54899,19
17992,77086,47242,41985,54899,19
17992,77086,47565,41985,54082,19
17915,74909,49585,41721,54082,19
17992,76348,47242,42252,54082,19
17992,77086,47565,41985,54082,19
17992,76348,52129,41985,54082,19
18069,76348,52129,41985,54082,19
17992,77086,51752,41985,53682,19
18069,77086,52129,41985,54082,19
18069,75623,52129,41721,54082,19
17992,75623,51752,41721,53682,19
18069,76348,52129,41721,54899,19
17992,76348,51752,41985,54899,19
18069,76348,52129,41721,54082,19
18783,98394,52129,43346,57477,19
18702,96136,52129,43910,57033,19
18702,96136,52129,43910,57477,19
18621,97253,52129,43627,57477,19
18621,98394,52129,43627,57477,19
18541,97253,52129,43627,57477,19
18541,98394,51752,43627,57477,19
18541,97253,51752,43627,57477,19
18541,97253,52129,43627,57477,19
18541,96136,51752,43627,57477,19
18541,96136,52129,43627,57033,19
8695.6,79378,49585,54899,27598,20
8695.6,81794,49239,54488,27598,20
8695.6,82628,49239,56163,27186,20
8661.3,80974,49239,54899,27323,20
8661.3,80169,49585,54488,27323,20
8627.2,80974,49239,54488,27460,20
8627.2,80974,49239,54488,27460,20
8627.2,79378,49239,54488,27460,20
8627.2,80974,49239,54488,27460,20
8661.3,80169,49585,54082,27460,20
8661.3,81794,49239,54488,27598,20
8627.2,80169,49239,54899,27878,20
8661.3,80169,49239,54082,28019,20
8661.3,79378,49239,54082,27598,20
8661.3,82628,49239,54082,28019,20
8661.3,80169,48896,54082,27878,20
8695.6,80974,48896,54082,29340,20
8661.3,80974,48896,53682,29189,20
8695.6,80974,48896,54082,28595,20
8695.6,79378,48558,54082,28305,20
9407.8,83478,49239,60270,27598,20
9444.8,83478,48896,59788,27598,20
9482,84343,48896,59788,27460,20
9594.4,82628,48896,60757,27598,20
9632.1,83478,49239,59788,27460,20
9670,84343,45678,59788,27460,20
9632.1,83478,45678,59313,27323,20
9632.1,86123,45678,59313,27460,20
9632.1,84343,45678,59313,27737,20
9670,85225,45678,59313,27878,20
9670,83478,45678,59313,27737,20
9708.1,85225,45984,58845,27878,20
9784.6,82628,45678,58845,27737,20
9784.6,82628,45678,58845,27737,20
9861.8,83478,45678,57927,27737,20
9861.8,84343,45678,59313,27737,20
9900.5,86123,45678,58845,27737,20
9978.6,84343,45375,58845,27878,20
9978.6,83478,45678,59313,28019,20
10018,83478,45678,59313,28305,20
10176,78601,45375,55315,43346,20
10257,77086,45678,55315,42252,20
10337,78601,45375,56595,42793,20
10257,78601,45678,55736,43068,20
10297,77837,45375,56595,42521,20
10297,77837,45678,56595,41985,20
10337,77837,45678,56595,41460,20
10297,78601,45678,57033,40441,20
10337,76348,45375,57033,40692,20
10337,76348,45375,56163,39462,20
10337,77086,52896,56595,39462,20
10337,77837,52896,56163,38986,20
10378,77086,52896,55736,38752,20
10378,77086,52510,55736,38986,20
10419,76348,52510,55315,38752,20
10419,75623,52129,54899,38752,20
10460,76348,52129,55315,39223,20
10460,77837,51752,55315,39223,20
10460,76348,51752,55736,38752,20
10460,76348,51380,54899,38986,20
8729.9,89893,51012,61754,32811,20
8764.4,87972,51380,61754,32992,20
8799,87039,51380,61754,32992,20
8833.8,87039,51012,61252,32992,20
8833.8,87039,51012,61754,32811,20
8833.8,87039,51012,61252,32811,20
8868.7,87039,51012,61252,32811,20
8868.7,87039,51012,61252,32811,20
8868.7,87039,51012,61252,32811,20
8903.7,87039,51012,61252,32811,20
8903.7,27820,20876,22346,43346,21
8695.6,27820,20876,21941,45678,21
8695.6,27820,20970,21941,46293,21
8729.9,27820,20876,22041,45984,21
8695.6,27820,20876,22142,45375,21
8695.6,27820,20876,21941,45984,21
8695.6,27820,20970,22142,45375,21
8729.9,27820,20876,22346,44780,21
8729.9,27820,20876,22346,44487,21
8764.4,27820,20876,22346,45076,21
8627.2,27878,20876,19112,44780,21
8627.2,27878,20876,19195,44487,21
8627.2,27820,20876,19195,44487,21
8627.2,27820,20970,19279,44487,21
8661.3,27820,20970,19279,44487,21
8627.2,27878,20970,19363,44487,21
8627.2,28161,20970,19448,44487,21
8627.2,27878,20970,19534,44487,21
8627.2,27878,20970,19619,44487,21
8661.3,28019,20970,19793,44197,21
8661.3,28305,21064,19968,44780,21
8661.3,28019,21064,19968,44487,21
8661.3,28305,20970,20056,44487,21
8661.3,28305,21064,20145,44487,21
8661.3,28595,21064,20145,44197,21
8661.3,28305,20056,20145,43910,21
8661.3,28305,20056,20235,43910,21
8661.3,28305,20056,20235,43910,21
8661.3,28305,20145,20325,43910,21
8661.3,28305,22762,20325,43910,21
8130,27820,20235,23081,51752,21
8097.8,27820,20970,22974,51380,21
8097.8,27820,20325,22868,50649,21
8097.8,27820,20235,22868,50649,21
8097.8,27820,20325,22868,50649,21
8097.8,27820,20235,22762,50649,21
8097.8,27820,20235,22657,50290,21
8130,27820,20235,22553,50290,21
8162.4,27820,20325,22553,49585,21
8162.4,27820,20325,22346,49239,21
8162.4,27820,21742,22346,49239,21
8130,27820,20325,22244,48896,21
8162.4,27820,20506,22346,48896,21
8130,27820,20415,22346,48558,21
8130,27820,20415,22346,48896,21
8097.8,27820,20415,23081,51752,21
8065.7,27820,20325,23517,52129,21
8065.7,27820,20325,23298,51012,21
8065.7,27820,20325,23189,50649,21
8065.7,27820,20415,23081,50649,21
8162.4,27820,19793,16884,35285,21
8162.4,27820,19793,16884,35487,21
8162.4,27820,19793,16955,35487,21
8194.8,27820,19880,16955,35285,21
8162.4,27820,19880,17027,35487,21
8162.4,27820,19968,17171,35285,21
8695.6,27820,19880,21941,45678,21
8695.6,27820,19968,21941,46293,21
8729.9,27820,20145,22041,45984,21
8695.6,27820,19968,22142,45375,21
8695.6,27820,20056,21941,45984,21
8695.6,27820,19968,22142,45375,21
8729.9,27820,20235,22346,44780,21
8729.9,27820,19968,22346,44487,21
8764.4,27820,20415,22346,45076,21
8627.2,27878,20056,19112,44780,21
8065.7,27820,20145,23189,50649,21
8065.7,27820,20056,23081,50649,21
8162.4,27820,20056,16884,35285,21
8162.4,27820,20056,16884,35487,21
